{"theta1":-0.02144896359170181,"theta0":8499.599649933163}